Last Name,First Name,Degree,NPI,Start Date
Spishakoff,Leonard,MD,1275597098,4/26/21
Quraishi,Nida,MD,1285977397,4/5/21
Bowden,Rashina,PA-C,1528484094,3/15/21
Gabriel,Magda,DO,1205275807,3/15/21
Calderon,Fidel,APN,1518559038,3/8/21
Costea,Angela,APN,1255923371,3/8/21
Gilson,Jay,PT,1134360522,3/8/21
Matela,James,PT,1760791040,3/8/21
Servatius,Emma,APN,1043801020,3/8/21
Eberhardt,Shanika,APN,1598357188,3/5/21
Goldin-Mertdogan,Rikfi,MD,1346289980,3/3/21
Alley,Jana,DC,1760732168,3/1/21
Schaffnit,Blake,DC,1902063753,3/1/21
Edwards-Humpal,Katie,APN,1255880555,2/22/21
Georgeff,Sabrina,DPT,1790302370,2/22/21
Maule,Patricia,APN,1629123468,2/22/21
Azzaline,Joyce,APN,1215365036,2/15/21
Bolanowski,Marybeth,PA,1891781639,2/15/21
Markham,Danielle,APN,1376173146,2/15/21
Santiago,Annais,MD,1548798911,2/15/21
Spinasanto,Lauren,APN,1083210678,2/15/21
Giese,Elizabeth,MD,1528027398,2/8/21
Warzocha,Dorothy,MD,1598716722,2/8/21
Clayton,Erika,MD,1033401153,2/4/21
Gustafson,Ellen,MD,1245296896,2/4/21
Tabor,Aaron,MD,1518352400,2/4/21
Ahmed,Viquar,PA,1811148059,2/1/21
Boshra,Nasser,MD,1134425085,1/25/21
Shuttari,Zahid,MD,1902843345,1/25/21
Abboud,Worood,MD,1245325018,1/18/21
Burhani,Nafisa,MD,1851386460,1/18/21
Suh,Jason,MD,1225024722,1/18/21
Kroin,Ellen,MD,1053738385,1/11/21
Philobos,Marie,MD,1184618662,1/11/21
Lakhani,Ali,MD,1568458107,1/7/21
Modi,Sanjiv,MD,1396730909,1/7/21
Balaney,Ruchi,PA,1831408889,1/4/21
Buckner,Tekekee,APN,1538442918,1/4/21
Rutherford,Andrea,PA,1720056229,1/4/21
Sterling,Leigh,DO,1326225954,1/4/21
Suri,Daesman,MD,1134186968,1/4/21
Kumar,Arvind,MD,1861590689,12/30/20
Sivarajan,Kulumani,MD,1952396582,12/30/20
Hasan,Syed,MD,1730115791,12/15/20
Park,Richard,MD,1568579027,12/15/20
Perry,Tina,APN,1881171197,12/15/20
Mir,Ayezah,MD,1740227388,12/14/20
Nelson,Christine,APN,1508401175,12/14/20
Patel,Jyoti,CSFA,1568841427,12/14/20
Lee,Kristin,MD,1073856498,11/30/20
Flynn,Megan,MD,1710320114,10/26/20
Miller,Heidi,APN,1568733541,10/26/20
Saiyad,Shahnur,DO,1922533033,10/26/20
Vadakara,Aaradhana,DPT,1104432202,10/26/20
Ansier,Rhonda,APN,1114533841,10/12/20
Boots,Megan,DPT,1851908966,10/12/20
Christopher,Theresa,OT,1528675014,10/12/20
Coomes,Daniel,DO,1851705271,10/12/20
Gray,Julia,DPT,1760583306,10/12/20
Kansal,Jagan,MD,1942611694,10/1/20
Gifford,Lindsay,APN,1104432020,9/30/20
Carney,Kelly,DPT,1598088874,9/29/20
Centeno,Rachelle,DO,1780827337,9/29/20
Gruenke,Joshua,DPT,1013522366,9/29/20
Klacko,Jaime,DPT,1497701775,9/29/20
North,Kristen,DPT,1710306378,9/29/20
Son,Daniel,MD,1114331451,9/29/20
Brocato,Paulena,DPT,1912512427,9/28/20
Domczewski,Olivia,PsyD,1164997490,9/28/20
Mathew,Jennifer,DO,1164802419,9/28/20
Sanchez,Lizandro,DPT,1649885880,9/28/20
Silva,Omayra,APN,1619502218,9/28/20
Hsia,Matthew,OD,1841672268,9/25/20
Hennessy,Anne,DPT,1639787252,9/14/20
Mommsen,Michael,DPT,1700496445,9/8/20
Mufti,Kashif,MD,1821290750,9/3/20
Patel,Devin,MD,1932542578,9/1/20
Zahirsha,Lisansha,MD,1154749901,8/31/20
Ethezaz,Mahveen,MD,1699193268,8/26/20
Alhawasli,Hazem,MD,1215287164,8/24/20
Romeo,Anthony,MD,1013996891,8/24/20
Viramontes,Jamie,CSFA,1568072288,8/19/20
Antczak,Justyna,MD,1407383714,8/17/20
Ahmed,Asrar,DO,1407298334,8/3/20
Popovich,Tanja,OT,1154457596,8/3/20
Shahab,Danish,MD,1841533254,7/31/20
Arla,Latha,DO,1578548921,7/27/20
Chandran,Binita,MD,1487941944,7/15/20
Dymowski,John,MD,1053312280,7/15/20
Mehta,Sheetal,MD,1841418035,7/15/20
Villacis,Diego,MD,1124399449,7/13/20
Holt,Roxane,MD,1790988905,7/1/20
Mehta,Ajeet,MD,1811254592,7/1/20
Arora,Ashish,MD,1336157171,6/29/20
Landstrom,Erik,DPT,1861043028,6/29/20
Hall,Kaitlin,OT,1710516745,6/22/20
Patel,Arpita,APN,1932768025,6/8/20
Ferolin,Leonard Kevyn,PT,1396371811,4/13/20
Parks,Stephanie,DPT,1265066591,4/13/20
Rosales,Allison,APN,1144855990,4/13/20
Korpics,Michael,MD,1578523007,4/6/20
Francis,Vijaykumar,PT,1659527133,3/30/20
Niles,Angela,APN,1659757219,3/16/20
Patel,Manali,OD,1114413978,3/16/20
Patel,Neil,DPT,1831662790,3/9/20
Sharma,Amit,MD,1538479332,3/9/20
Kunkelmann,Kelsey,DPT,1962034595,3/2/20
Trevino,Lisa,APN,1467090308,3/2/20
Donahue,James,DPT,1649288267,2/17/20
Falls,Travis,DPT,1821344128,2/17/20
Colbert,Carmelita,MD,1720206790,2/11/20
Smothers,Kevin,PT,1033518477,2/10/20
Yerkes,Kelsey,PT,1326593542,2/3/20
Bastian,Lisa,APN,1972910883,1/23/20
Didier,Annie,APN,1427696855,1/20/20
Solowski,Pamela,MD,1932549318,1/20/20
Davis,William,MD,1285078030,1/13/20
Gavino,Rosen,DPT,1174559058,1/13/20
Caronia,Anthony,DPT,1962503557,1/6/20
DeMarco,Lisa,LCPC,1306994306,1/6/20
Johnsen,Melanie,LCSW,1023390697,1/6/20
Kalari,Sarah,MD,1376999847,1/6/20
Ruh,Joseph,LCPC,1740580331,1/6/20
Siddiqui,Nadia,MD,1801052659,12/20/19
Blunt,Jennifer,DPT,1548804487,12/16/19
Munson,Tyler,DPT,1154974194,12/16/19
Naegele,Emily,DPT,1487290334,12/16/19
Newton,Matthew,DO,1831329531,12/9/19
Gianan,Catherine,APN,1174616320,12/4/19
Crain,Erin,PA,1467096958,12/2/19
Evans,Sheri,DO,1831140789,12/2/19
Friedl,Charles,DO,1003945320,12/2/19
Gloude,Christopher,APN,1992286868,12/2/19
Graziano,J,MD,1730373747,12/2/19
McGowen,Jennifer,MD,1174571921,12/2/19
Peitzmann,Rebecca,OT,1184911737,12/2/19
Ranganathan,Manjari,MD,1174903793,12/2/19
Walaszek,Michelle,DPT,1255975538,12/2/19
Wilson,Annette,PsyD,1497995906,11/25/19
Carr,Lindsay,PT,1316175482,11/18/19
Jump,Jennifer,APN,1508408345,11/18/19
Napoli,Kimberly,LPC,1477021558,11/11/19
Hinton,Ariel,DPT,1851801849,11/4/19
Michna,Rebecca,PA,1235784182,10/29/19
Duval,Sharon,MD,1366634487,10/28/19
Polyatskaya,Yekaterina,MD,1528227238,10/22/19
Hamid,Mahvish,MD,1215348545,10/21/19
Rosenfeld,Katie,DO,1760590194,10/21/19
Leszczynski,Chloe,DPT,1720638323,10/15/19
Delos Santos,Geraldine,DO,1942658380,10/14/19
Casey,Kevin,MD,1871835249,10/7/19
Pitsoulakis,Nicholas,DPT,1659920932,10/7/19
Salman,Sally,MD,1003266297,10/7/19
Scott,Jennifer,OT,1578060026,10/7/19
Zhou,Tingting,MD,1336527654,10/7/19
Wlodarek,Craig,MD,1851442230,9/30/19
Patel,Shawn,MD,1861830655,9/25/19
Guinid,Philip,DPT,1194373845,9/23/19
Meersman,Michelene,PA,1417106519,9/23/19
Sementa,Gina,DPT,1538714134,9/23/19
Siddiqui,Saud,MD,1275916918,9/23/19
Lesak,Nicole,DPT,1003475146,9/11/19
Alexander,Karina,DO,1679701569,9/9/19
Decker,Norman,MD,1336534650,9/9/19
Eck,Ivan,DO,1124461322,9/9/19
George,Regeni,MD,1912104340,9/9/19
Hayat,Shakaib,DO,1770903981,9/9/19
Hovey,Sharon,MD,1245341213,9/9/19
Huertas-Rivera,Beatriz,MD,1508841982,9/9/19
Kadow,Brian,MD,1386938157,9/9/19
Kennedy,Joseph,DPT,1760038673,9/9/19
O'Brien,Steffen,DPT,1407402969,9/9/19
Penway,Christine,DPT,1669025367,9/9/19
Takyi,Valerie,MD,1316266976,9/9/19
Toolan,Brian,MD,1861402984,9/9/19
Vaskeviciute,Rasa,PT,1356998561,9/9/19
Bogart,Carolyn,DPT,1164075552,9/5/19
Ingram,Margaret,LCSW,1619520814,9/3/19
Lukose,Jairus,MD,1164878781,9/3/19
Ward,Brian,MD,1649512732,9/3/19
Puri,Mohammad,MD,1629266341,8/29/19
Cavallaro,Nicole,DPT,1518529387,8/28/19
Flores,Fernando,DPT,1649822339,8/28/19
Lukert,Morgan,DPT,1073174330,8/28/19
Twu,Jonathan,MD,1629417290,8/28/19
Burlini,Kristiana,DPT,1720644966,8/26/19
Dapiton,Kris,DPT,1306498506,8/26/19
Desai,Vishal,MD,1104189661,8/26/19
Ernst,Shaun,DPT,1255993564,8/26/19
Heuermann,Emily,DPT,1922669589,8/26/19
Strotman,Patrick,MD,1407199755,8/26/19
Syeda,Qamer,MD,1588892509,8/26/19
Wanta,Kaitlin,DO,1386986537,8/26/19
Alfieri,David,MD,1932442076,8/19/19
Ali,Zeeshan,MD,1023422623,8/19/19
Angeles,Jovito,MD,1073620845,8/19/19
Baloun,Lauren,DPT,1639402688,8/19/19
Kosova,Ethan,MD,1053674002,8/19/19
Coelho,Ian,MD,1821225533,8/12/19
Varma,Richa,MD,1093706319,8/12/19
Broderick,Steven,MD,1164877882,8/5/19
Iqbal,Robina,MD,1760788376,8/5/19
Kaminski,Justine,DPT,1104478312,8/5/19
Millican,Kelli,PA,1184134140,8/5/19
Oleaga,Jamie,MD,1265878813,8/5/19
Patel,Jeremy,MD,1477902484,8/5/19
Rajaram,Priyanka,MD,1831488568,8/5/19
Seipp,Regan,MD,1306256284,8/5/19
Shah,Nisha,MD,1568547784,8/5/19
Wright,LaBianca,MD,1376938431,8/5/19
Atluri,Vyjayanthi,MD,1023067311,8/1/19
Duch,Robert,MD,1609935436,8/1/19
Nazimuddin,Ahmed,MD,1710140975,8/1/19
Nyaeme,Shahla,MD,1720036528,8/1/19
Rochford,Elizabeth,APN,1114950409,8/1/19
Siddique,Mohammad,MD,1144439456,8/1/19
Sih,Rahmawati,MD,1346290707,8/1/19
Yousuf,Mohammed,MD,1811172018,8/1/19
Bokhari,Samina,MD,1801830021,7/29/19
Faseehuddin,Mohammed,DO,1336404532,7/29/19
Feneran,Ashley,DO,1225303407,7/15/19
Pontikis,George,MD,1326314246,7/15/19
Syed,Nosheen,MD,1386908002,7/15/19
Lis,Linda,MD,1780790865,7/8/19
Sheikha,Mouhammed,MD,1619986387,7/8/19
Van,Julie,DO,1891801973,7/8/19
Wallin,Gregory,MD,1790070803,7/8/19
Pyatetsky,Susan,MD,1386816031,7/3/19
Carli,Carol,PT,1700864022,7/1/19
Dinh,Janie,APN,1346803103,7/1/19
Griffin,Sara,DPT,1356852149,7/1/19
Mehta,Amar,MD,1477828523,7/1/19
Del Mar,Mary Grace,PT,1144402074,6/24/19
Hawkins,Dawn,APN,1871926618,6/24/19
Vermillion,David,MD,1093718801,6/24/19
Saddleton,Elise,MD,1326321233,6/17/19
Verner,Rachel,PT,1780242743,6/17/19
Patterson,Stacey,LCSW,1801459623,6/14/19
Wuest,Ronald,MD,1548201783,6/13/19
Liti,Albana,APN,1114581683,6/5/19
Eyster,Aaron,OT,1033643515,6/3/19
Fry,Thomas,DO,1619085206,6/3/19
Hayden,Frederick,PA,1275909392,6/3/19
Millican,Devyn,PT,1780249953,6/3/19
Seib,Laura,DPT,1770146565,6/3/19
Seneczko,Kailie,PA,1407295363,6/3/19
Walsh,Marissa,PA,1386115350,6/3/19
Duda,Karla,PT,1477749646,5/20/19
Fernando,Kyle,PT,1093370611,5/20/19
Mai,Yong Hui,DPT,1356860449,5/20/19
Desai,Vikas,MD,1003132549,5/13/19
Patel,Ashish,MD,1992077887,5/13/19
Colledge,Patricia,APN,1144229816,5/6/19
Jimenez,Aren,MD,1144244583,5/6/19
Patel,Pooja,APN,1639430655,5/6/19
Paul,Emma,DPT,1144715152,5/6/19
Konopka,Lukasz,PhD,1215469911,5/3/19
Cuevas,Susan,LCPC,1518908201,5/1/19
Feuer,Stacey,PsyD,1295227601,5/1/19
Funk,Diane,LCSW,1184771420,5/1/19
Gelbort,Kimberley,PsyD,1225084635,5/1/19
Kohut,Christine,LCSW,1689908972,5/1/19
Martino,Valerio,LPC,1922480151,5/1/19
Maxon,Donald,LCPC,1659318590,5/1/19
Miller,Joy,LCPC,1740221209,5/1/19
Mireles,Nicolette,LCPC,1952793523,5/1/19
Sanders,Tracey,LCPC,1639336720,5/1/19
Scavo,Corrin,PSYD,1073713236,5/1/19
Wulfers,Heather,LCPC,1588011381,5/1/19
Baughman,Steven,MD,1629176789,4/22/19
Holmes,Casandra,PT,1063533172,4/15/19
Rada,Martin,DPT,1831615657,4/15/19
Loesch,Mathew,DO,1720490451,4/8/19
Collins,Tonya,NP,1659821197,4/1/19
Keenan,Joseph,DO,1407865645,4/1/19
Lenahan,Brian,DO,1053462788,4/1/19
Waintraub,Ernest,MD,1740454552,4/1/19
Yagunic,Kathryn,NP,1730664871,4/1/19
Chaudri,Salman,DO,1730133711,3/18/19
Downey,Rebecca,RD,1932639473,3/18/19
Durudogan,Ibrahim,DO,1144285909,3/18/19
Nazal,Ferdie,PT,1245240456,3/18/19
Wei,Ju Mei,OT,1821257023,3/18/19
Butler,Maureen,MD,1093973893,3/11/19
Delgado,Gabriela,MD,1487970471,3/11/19
Elsen,John,MD,1437260940,3/11/19
Hanlon,Matthew,DO,1104937622,3/11/19
Spangler,Jennifer,NP,1255803052,3/11/19
Bird,Colleen,PA,1356367601,3/4/19
McGovern,Kathleen,PA,1780130682,3/4/19
Sheehey,Haley,PA,1427514819,3/4/19
Imran,Mehnaz,MD,1205028578,3/1/19
Lucas,Paige,DPT,1144790536,2/26/19
Patterson,Christopher,PT,1790221158,2/25/19
Strauch,Matthew,DO,1477780328,2/25/19
Pedziwiatr,Mark,OT,1669943700,2/18/19
Pope,Brian,DO,1275533820,2/6/19
Maionchi,Gail,APN,1639112360,2/4/19
Rajagopalan,Rajeswar,MD,1497866784,1/28/19
Subhani,Mahrukh,MD,1841369279,1/21/19
Ghumra,Mohamed,MD,1629094834,1/14/19
Jachimek,Julie,PT,1154494334,1/7/19
Khudai,Jaydeep,DO,1801273362,1/7/19
Lennie,Michael,OT,1356614069,1/7/19
Littrell,Danielle,PA,1467999821,1/7/19
Dinkha,Josephine,MD,1518151679,1/3/19
Sahajpal,Tripat,MD,1942267604,1/3/19
Covarrubias,Kayla,OT,1548731326,12/12/18
Barr,Kristen,DPT,1942210133,12/10/18
Kokanovic,Obrad,MD,1528358660,12/10/18
Qunell,Alison,PA,1508167925,12/10/18
Saujani,Mayur,MD,1942462106,12/10/18
Sheppard,Lynn,NP,1134521115,12/10/18
Schroeder,Kathryn,DPT,1376034918,12/5/18
Militzer,Ryan,DPT,1740758317,11/27/18
Boyer,Kristen,DPT,1376968974,11/26/18
Rehusch,Steven,MD,1962513242,11/19/18
Hall,Timothy,PA,1326146416,11/16/18
Kumar,Malini,DO,1578859476,11/7/18
Rieger,Matthew,PA,1073549028,11/5/18
Tsakopoulos,Angelo,MD,1356320774,11/1/18
Green,Michael,PA,1205356003,10/22/18
Hoffman,Ashley,DPT,1184108185,10/8/18
Rossing,Lauren,DPT,1003391053,10/8/18
Briggs,Julia,CSFA,1346736121,10/4/18
Chauhan,Ranjana,MD,1093766594,10/1/18
Conti Mica,Michael,MD,1386900652,10/1/18
Desai,Samir,MD,1659372506,10/1/18
Libby,Kimberly,DPT,1841690898,10/1/18
Volden,Dane,MD,1053706200,9/26/18
Chauhan,Aakash,MD,1750659595,9/24/18
Fischer,Lauren,DPT,1831627520,9/24/18
Gupta,Shipra,MD,1609168681,9/24/18
Kudsi,Jihad,MD,1508192923,9/17/18
Arora,Vinay,MD,1255658993,9/10/18
Beri,Aabha,MD,1508207507,9/10/18
Nair,Lekshmi,MD,1033317383,9/6/18
Chatman,Eva,MD,1023309838,9/4/18
Bautista,Eleanor,MD,1780669804,9/3/18
Gupta,Mohit,MD,1881074441,9/3/18
Munoz,Amanda,MD,1841601796,8/27/18
Desai,Kinnari,DPT,1972513232,8/20/18
Enomoto,Jimmy,DPT,1316425820,8/20/18
Latif,Maria,MD,1063620607,8/20/18
Summers,Samantha,DPT,1922586668,8/20/18
Baley,Richard,MD,1184693327,8/15/18
Bryant,Danielle,APN,1003315706,8/15/18
Fiedler,John,MD,1487623716,8/15/18
Flynn,Dennis,MD,1295704435,8/15/18
Tomasiewicz,Jessica,NP,1841516614,8/15/18
Rikardsen,Lars,MD,1558749226,8/13/18
Friedman,Elizabeth,MD,1548674567,8/6/18
Gorelick,Alissa,DO,1417167354,8/6/18
Hill,Natalie,APN,1073039863,8/6/18
Robinson,Melissa,DO,1013259647,8/1/18
Schwartz,Charles,MD,1073994851,8/1/18
Winter,Michelle,MD,1932513066,8/1/18
Eiseman,Nancy,MD,1306813753,7/18/18
Bazerbashi,Mohamad,MD,1518223841,7/16/18
Davenport,Christina,NP,1801335914,7/11/18
Pozzi,Patrick,MD,1497871156,7/11/18
Winkelman,Daniel,MD,1033284526,7/11/18
Burland,Courtney,PA,1114456258,7/9/18
Klepek,Jannette,DO,1881673952,7/2/18
Peterson,Anthony,MD,1144424649,7/1/18
Sekhadia,Mehul,DO,1194771741,7/1/18
Hughes,Kristina,NP,1093164337,6/25/18
Grabowski,Stephen,MD,1326129925,6/11/18
Fahey,Jennesa,DPT,1013366467,6/6/18
Gager,Roseann,MD,1053569327,6/4/18
Leonov,Andrey,MD,1043310261,6/4/18
Patel,Sejal,OD,1477966224,6/4/18
Digate,Mary,APN,1356352512,5/14/18
Gandhi,Janki,PA,1962556944,5/7/18
Kumar,Hemlata,PT,1306903356,4/30/18
Gerber,Molly,PA,1609221860,4/23/18
Link,Darryl,MD,1144272824,4/23/18
Paddack,Elizabeth,APN,1336377027,4/23/18
Pasquesi,Whitney,RD,1144724204,4/23/18
Rivera,Michael,MD,1447304282,4/23/18
Colomb,Sarah,PA,1487855425,4/16/18
Dunaj,Emily,PA,1740650449,4/9/18
Maini,Anuja,MD,1649285206,4/9/18
Becker,Brian,MD,1912956798,4/2/18
Farbstein,Samuel,MD,1629084116,4/2/18
Meter,Jennifer,LCSW,1043712730,4/2/18
Magnus,Kristin,DPT,1124535992,3/26/18
Williams,Dawn,LCSW,1295119253,3/22/18
Gimbel,Rick,MD,1215012380,3/21/18
Doyle,Kimberly,APN,1396160297,3/19/18
Tran,Yvonne,DPT,1316445794,3/19/18
Vystejnova,Barbora,DPT,1104138304,3/19/18
Butzine,Melissa,DPT,1164921375,3/12/18
Showalter,Elizabeth,NP,1780050062,3/5/18
Keagle,Kevin,DO,1841308277,2/21/18
Pua,Jeffrey,MD,1689831778,2/5/18
Hsu,Norris,MD,1508961350,2/1/18
Kogan,Edward,MD,1710994215,2/1/18
Riccardo,Nick,MD,1124134879,2/1/18
Saafir,Muhammad,MD,1932435229,2/1/18
Benecke,Rachel,APN,1699281592,1/22/18
Benson,Kimberly,PT,1215442256,1/15/18
Katilius,Marius,MD,1659346583,1/15/18
McCarthy,Michael,DPT,1689180788,1/15/18
Wu,Jonathan,MD,1659347318,1/15/18
Lichon,Vanessa,MD,1528294097,1/10/18
Blaney,Daniel,PA,1063940823,1/8/18
Jabbar,Zaid,MD,1730351115,1/8/18
Maynard,Anne,APN,1336476985,1/8/18
Kedainis,Dalius,MD,1861596363,1/1/18
Lichon,Nancy,MD,1043361728,1/1/18
Muzaffar,Momin,MD,1588690812,1/1/18
Jones,Monique,MD,1306931951,12/6/17
Ahmed,Iffat,DO,1063668192,12/1/17
Lukanich,Christine,APN,1528055225,12/1/17
Otto,Kimberly,APN,1649672668,11/27/17
Gillies,Katie,PA,1356714075,11/17/17
Par,Midori,MD,1376543199,11/17/17
Pajares,Maricruz,MD,1700225810,11/6/17
Zurek,Rachel,DO,1255528246,11/6/17
Bergeson,Brenda,MD,1144258542,11/1/17
Gillis,Mark,MD,1992806509,11/1/17
Rodgers,Elizabeth,DPT,1063859833,10/23/17
Makoni,Maud,OT,1962529867,10/20/17
Challa,Pragathi,MD,1033116066,10/16/17
Long,Jennifer,OT,1194234385,10/16/17
Conrad,Brittany,APN,1083133706,10/2/17
Dooling,Robi,DPT,1467970905,10/2/17
Hampston,Kerry,DPT,1831618099,10/2/17
Mancini,Stamatina,NP,1669981916,10/2/17
Rodriguez,Diego,DPT,1396263638,10/2/17
Alia,Yazan,MD,1497067615,10/1/17
Bardolph,Susan,MD,1740608058,10/1/17
Patel Cooke,Sheena,MD,1750677621,10/1/17
Scavone,Anthony,DO,1548670623,10/1/17
Brandonisio,Danielle,NP,1457877508,9/24/17
Brandon,Matthew,MD,1356414049,9/18/17
Cvirka,Dovile,DPT,1306363593,9/18/17
Wohl,Lisa,MD,1598701625,9/18/17
Kazmierczak,Thomas,DO,1225033871,9/15/17
Sadath,Haleema,MD,1639573710,9/15/17
Vienne,Peter,DO,1518962174,9/15/17
Zweeres,Tammy,APN,1255690574,9/15/17
Thorgesen,Lindsay,APN,1275052243,9/13/17
Evans-Beckman,Linda,MD,1013951912,9/11/17
O'Neill,Hugh,MD,1578507430,9/11/17
Migon,Tiffany,APN,1609225358,9/6/17
Ziemba,Brooke,DPT,1861662918,9/6/17
Callahan,Erin,DPT,1962764258,9/5/17
Aziz,Asad,DO,1538140082,9/1/17
Dubin,Mark,MD,1245202704,9/1/17
Gephart,Todd,MD,1467448969,9/1/17
Heaver,Angeline,APN,1053688275,9/1/17
Ignacio,Jemini,MD,1912993429,9/1/17
Jannusch,Elizabeth,APN,1104295666,9/1/17
Kearns,Kimberly,APN,1477706083,9/1/17
Mazurek,Robert,MD,1982685418,9/1/17
Mohiuddin,Shahab,MD,1255568853,9/1/17
Muska,Brian,MD,1497736276,9/1/17
Muzammil,Muhammad,MD,1558320879,9/1/17
Nehme,Tammam,MD,1689652190,9/1/17
Palermo,Peter,MD,1881680387,9/1/17
Parenti,Katherine,MD,1922264605,9/1/17
Partida,Sara,APN,1285160622,9/1/17
Shapiro,Bradley,MD,1003897786,9/1/17
Shroff,Pranavkumar,MD,1831330877,9/1/17
Song,Richard,MD,1710011416,9/1/17
Sullivan,Shawna,APN,1922283613,9/1/17
Tan,Ainah,MD,1215371810,9/1/17
Varade,Reena,MD,1881039493,9/1/17
Ventura,Doreen,MD,1669735205,9/1/17
Czerniak,Magdalena,DPT,1952828162,8/29/17
Godinez,Jose,DPT,1386161636,8/25/17
Chaudhari,Jay,DPT,1790212488,8/24/17
Majka,Darcy,MD,1831206580,8/24/17
Alcock,Kimberly,DPT,1518497932,8/17/17
Sproat,Emily,DPT,1134644370,8/17/17
Thompson,Wiilliam,DPT,1851820559,8/17/17
Nazeer,Umair,MD,1992901300,8/7/17
Ahmed,Syed,DPM,1902249105,8/1/17
Carvalho,Priscilla,MD,1699192690,8/1/17
Jafri,Sana,DO,1467793463,8/1/17
Kim,David,MD,1891964441,8/1/17
Ochoa,Christopher,MD,1952690182,8/1/17
Tabor,Diana,DPM,1659786150,8/1/17
Wiese,Kristin,MD,1619103280,8/1/17
Iandoli,Ciro,MD,1477614642,7/31/17
Anderson,Molly,APN,1154866374,7/24/17
Brusca,Michael,MD,1881605830,7/17/17
Mar,Calvin,MD,1972514925,7/17/17
Onyschak,Audrey,OT,1306075106,7/17/17
Bouri,Loveena,MD,1700827656,7/10/17
Burda,Diana,MD,1083631543,7/10/17
Delany,Joanne,NP,1942668355,7/10/17
Ellens,David,MD,1780785402,7/10/17
Lenart,Andrew,PA,1497284673,7/10/17
Valentin,Ruth,NP,1518908540,7/10/17
Nedumgottil,Siya,MD,1194037382,7/1/17
Shin,Thomas,MD,1386852010,7/1/17
Tan,Franklin,MD,1376524983,7/1/17
Karbarz,Jennifer,DPT,1245563477,6/19/17
Brown,Alyssa,OT,1487189551,6/5/17
Steele,Rachel,NP,1982153995,6/5/17
Binette,Steven,MD,1770535445,6/1/17
Morrison,Mark,MD,1588698443,6/1/17
Szwedo,Michelle,MD,1407802366,6/1/17
Valentine,Shanita,APN,1164956918,5/15/17
Bulow,Paul,DO,1588700926,5/1/17
Diamond,Mark,DO,1265402804,5/1/17
Malm,Bruce,MD,1477605087,5/1/17
Will,William,MD,1568471860,5/1/17
Stewart,Laurie,APN,1790062032,4/19/17
Thakker,Nitesh,MD,1952480295,4/11/17
Cole,Maria,DO,1215922679,4/10/17
Germino,F Wilford,MD,1962426239,4/10/17
Germino,Kevin,MD,1649294950,4/10/17
Ramirez,Roberto,MD,1215042528,4/10/17
Schieber,Scott,MD,1417971797,4/10/17
Warman,Cheryl,PA,1356651178,4/10/17
Russell,Timothy,DO,1962418103,4/1/17
Austin,Teresa,DPT,1952844581,3/20/17
Byrne,Carey,DPT,1689030280,3/20/17
Wydra,Marie,APN,1295118610,3/20/17
Danaher,Michele,MD,1679561773,3/13/17
Smith,Kristen,MD,1780918540,3/13/17
Luft,Ulrich,MD,1831115229,3/8/17
Crosby,Kimberle,NP,1174072037,3/6/17
O'Meara,Patrick,MD,1437127891,3/6/17
Genslinger,Jessica,PA,1235674128,2/20/17
Ilczyk,Przemyslaw,DPT,1699144576,2/20/17
McCarthy,Jennifer,DPT,1801332309,2/17/17
French,Abigail,OT,1629373071,2/13/17
Munn,Eric,MD,1659336063,2/1/17
Paluszak,Valerie,DPT,1427594225,1/30/17
Bathina,Krishna,MD,1265548093,1/16/17
Czuba,Michael,DPT,1699784942,1/16/17
Guimon,Katie,DPT,1871928028,1/3/17
Maxwell,John,DPT,1184875254,1/3/17
Delaney,Kristie,MD,1295026441,1/1/17
Pyrros,Ayis,MD,1487824777,1/1/17
Rawal,Ankit,DO,1891074555,1/1/17
Cesario,Maria,DPT,1770027872,12/12/16
Diesner,Paige,PA,1831649730,12/7/16
Brand,Marc,MD,1184799967,12/1/16
Abdul-Karim,Ahmad,MD,1588721328,11/19/16
Al Muradi,Hazem,MD,1679896138,11/19/16
Alexander,Laurel,APN,1568861094,11/19/16
DeGirolami,Daniele,MD,1891743100,11/19/16
DeLaHera,Aristides,MD,1134177447,11/19/16
Dongas,John,MD,1003864331,11/19/16
Elgar,Robert,DO,1225087547,11/19/16
Jain,Parag,MD,1396790911,11/19/16
Kawji,Mazen,MD,1518915842,11/19/16
Killian,Dennis,MD,1568411536,11/19/16
Lertsburapa,Kirkeith,MD,1538208004,11/19/16
Martini,Muawia,MD,1386693703,11/19/16
Martini,Seif,MD,1699724070,11/19/16
Petersen,Patricia,APN,1851845952,11/19/16
Ramadurai,Govind,MD,1184673089,11/19/16
Sankari,Abdul,MD,1326097239,11/19/16
Shroff,Sunil,MD,1437214947,11/19/16
Sumida,Colin,MD,1174572119,11/19/16
Yi,Jong-Yoon,MD,1134178056,11/19/16
Kolyvas,Chris,MD,1932157302,11/18/16
Zeddies,Clark,MD,1083614432,11/7/16
Caruso,Gloria,MD,1164442877,11/1/16
Arrington,Dexter,MD,1861475121,10/17/16
Chin-Bonds,Shaunda,DO,1144208638,10/17/16
Limacher,Jodi,RD,1366563041,10/17/16
Wascher,Megan,PA,1275905648,10/17/16
DeDecker,Keith,DPT,1578930418,10/3/16
Cooling,Danielle,MD,1154646628,10/1/16
Segel,Brett,MD,1669815809,10/1/16
Lockett,Flavion,CSFA,1912451519,9/26/16
McIntosh,Cameron,DPT,1770031155,9/19/16
Patten,Kellen,DO,1275898744,9/19/16
Ivy,Andre,MD,1346551280,9/12/16
Driessens,Katherine,RD,1700165206,9/7/16
Huang,Liyun,APN,1730634700,9/7/16
Elliott,Kristin,APN,1497161814,9/6/16
Haddock,Kate,DPT,1306391057,9/6/16
Carney,Michele,MD,1750371340,9/1/16
Shah,Shivani,MD,1982837779,9/1/16
Velasquez,Gladys,MD,1679912687,9/1/16
Holeman,Kristen,DPT,1326448283,8/29/16
Laskey,Venessa,PA,1992732184,8/22/16
Moctezuma,Kristin,DPT,1619421047,8/12/16
Pyle,Brianna,DPT,1487104196,8/12/16
Garcia Otano,Angel,MD,1992904221,8/8/16
Krambeck,Colleen,DPT,1831518430,8/8/16
Smith,Thomas,DO,1538281035,8/8/16
Boddipalli,Surekha,MD,1255656948,8/1/16
Mahan,Kathleen,MD,1639100464,8/1/16
Szafranski,Karl,MD,1366881567,8/1/16
Waheed,Salman,MD,1104146505,8/1/16
Dugas,Darinda,DPT,1477841930,7/18/16
Halperin,Cathy,MD,1275620734,7/18/16
Lin,Jody,MD,1184711640,7/18/16
Rodriguez,Evelyn,MD,1780905604,7/18/16
Schied,Michael,MD,1750478228,7/18/16
Rider,Florencia,DPT,1144654351,7/5/16
Ibrahim,Nafisa,MD,1053532002,7/1/16
Stratton,Lindsay,PA,1811208523,6/27/16
Choe,David,MD,1477555027,6/1/16
Samy,Arun,MD,1649277724,5/2/16
Yu Villarin,Stella,PT,1689832826,5/2/16
Agarwal,Shelly,MD,1225284078,5/1/16
Alhayani,Irfan,MD,1316036692,5/1/16
Croucher,Allison,DO,1467735282,5/1/16
Gracias,Felipe,MD,1841289709,5/1/16
Jester,Joy,MD,1487643334,5/1/16
Joffe,Martin,MD,1508855446,5/1/16
Kaplan,Seth,MD,1548224454,5/1/16
Loutfi,Saoud,MD,1598750101,5/1/16
Macarol,Sophia,PA,1740438050,5/1/16
Majmundar,Amee,MD,1093794620,5/1/16
Manglano,Ramon,MD,1346204260,5/1/16
Mayer,Joseph,MD,1316901234,5/1/16
Mis,Jaclyn,PA,1073899548,5/1/16
Risser,Angela,MD,1821052101,5/1/16
Schmidt,Courtney,PA,1982989687,5/1/16
Dubin,Elana,PA,1013307347,4/11/16
Waintraub,Meghan,PA,1952593956,4/11/16
Chauhan,Keyur,MD,1124261748,4/1/16
Doyle,Timothy,DO,1548376510,4/1/16
Tobin Vealey,Kristen,MD,1003105511,4/1/16
Wunderlich,Andrew,MD,1275528341,4/1/16
Treps,Vanessa,APN,1043440316,3/14/16
Wencel,Jeffrey,DPT,1447505326,3/14/16
Switalski,Martin,PA,1174612980,3/2/16
Banas,Sandra,MD,1750574901,3/1/16
Bramlette,Kelly,PA,1497910814,3/1/16
Burgette,Ryan,MD,1780840421,3/1/16
Donzelli,Joseph,MD,1508938952,3/1/16
Hampson,Christopher,MD,1851489561,3/1/16
Hulett,Kevin,MD,1952341257,3/1/16
Kaszuba,Scott,MD,1518994508,3/1/16
Kovarik,Sarah,PA,1285099374,3/1/16
Ksiazek,Jeffrey,MD,1679735104,3/1/16
Madsen,Kevin,MD,1952331779,3/1/16
Owens,Kelly,PA,1386768992,3/1/16
Vasa,Falguni,MD,1184741951,3/1/16
Perri,Silvana,PA,1659746980,2/8/16
Galon,Mark Melvin,DPT,1215155411,2/1/16
Herring,Matthew,DPT,1477910446,2/1/16
Morgan,George,MD,1649387051,2/1/16
Ragona,Brian,MD,1992701015,2/1/16
Smith,Matthew,MD,1508973926,2/1/16
Matthews,Rachael,DPT,1295190650,1/4/16
Messerges,Shannon,APN,1528430725,12/14/15
Salcedo,Charmaine,DPT,1649452160,12/14/15
Leverentz,Charu,PA,1497022826,12/7/15
Randolph,Chad,DPT,1033196100,11/30/15
Peachey,Abigail,DPT,1679943518,11/2/15
Ajmere,Niraj,MD,1558309856,11/1/15
Parker,Janemarie,DPT,1417901307,10/26/15
Siddiqui,Nasir,MD,1285925248,10/26/15
Nulicek,Jennifer,DPT,1215251574,10/12/15
Akhtar,Matheena,MD,1447296991,10/1/15
Bhatt,Divyesh,MD,1043244668,10/1/15
Bierma,Douglas,MD,1326034422,10/1/15
Cataldo,Steven,MD,1366488835,10/1/15
Cohen,Michael,MD,1881628790,10/1/15
Corrales,Manuel,MD,1063445864,10/1/15
Dorning,Michael,DO,1710929419,10/1/15
Haque,Sarfaraz,MD,1396939914,10/1/15
Harazin,James,DO,1255410072,10/1/15
Javeri,Asavari,MD,1073558466,10/1/15
Jones,Lori,NP,1083873467,10/1/15
Kareem,Folashade,MD,1588688253,10/1/15
Klemm,Lori,DPM,1356381867,10/1/15
Lim,Keith,DO,1215961123,10/1/15
Mathew,Liji,MD,1396788683,10/1/15
Murphy,Michael,DO,1881662534,10/1/15
Nemeth,Stefan,MD,1760470868,10/1/15
Pazooki,Babak,MD,1396762316,10/1/15
Schubert,Robert Steven,MD,1972537884,10/1/15
See,Joel,MD,1558319897,10/1/15
Sekhadia,Lipi,MD,1114179702,10/1/15
Serna,Philip,MD,1992741870,10/1/15
Sharfaei,Soraya,MD,1770671646,10/1/15
Tortoriello,Paul,MD,1245276054,10/1/15
Vajaria,Punit,MD,1083648992,10/1/15
Venkataraman,Priya,MD,1144399296,10/1/15
Viswanathan,Vairavan,MD,1326083890,10/1/15
Wolf,Margo,DO,1356339451,10/1/15
Zabiega,Margaret,MD,1578564654,10/1/15
Zid,Joanna,MD,1598773061,10/1/15
Hoppock,Kate,DO,1407122419,9/21/15
Huynh,Christina,MD,1144584988,9/8/15
Beatty,Linda,LCSW,1396112710,9/1/15
Boddipalli,Viveka,MD,1225262934,9/1/15
Desai,Shraddha,MD,1831498401,9/1/15
Gan,Stephanie,MD,1629399654,9/1/15
Koita,Noorah,DO,1558636712,9/1/15
Vos,Emily,DPT,1619344173,8/30/15
Zlatarov,Nikolay,DO,1174887871,8/24/15
Milhouse,Olufenwa,MD,1225353717,8/17/15
Miocinovic,Ranko,MD,1164687539,8/1/15
Osmanovic,Diana,DO,1386919728,7/27/15
Gordon,Kathryn,MD,1285928085,7/13/15
Agostinelli,Joseph,DPT,1386766889,7/6/15
Collander,Brett,MD,1497088322,7/1/15
Lipinski,Christine,MD,1528352358,7/1/15
Basi,Justin,DPT,1821214479,6/15/15
Tarabishy,Bisher,MD,1760682249,5/1/15
Flaherty,Katherine,PA,1649693441,4/27/15
Duda,Patricia,APN,1548655103,4/13/15
Jensen,Julie,MD,1326147240,4/13/15
Arico,Christopher,PA,1912195058,3/23/15
Fakouri,Bejan,MD,1366490633,3/1/15
Lyon,Paul,MD,1194773465,3/1/15
Seo,Robert,MD,1043268329,3/1/15
Wessing,Misty,PA,1255341681,3/1/15
Matias-Riggs,Katherine,PT,1609277748,2/24/15
Trahanas,Christina,DPT,1376725424,2/24/15
Thimm,Erwin,MD,1609857242,1/31/15
Salazar,Alicia,MD,1518952027,1/5/15
Weinstein,Jordan,MD,1952353872,1/1/15
Horvath,Elizabeth,DO,1720092117,12/15/14
DeHerrera Codo,Mary,MD,1568504439,11/19/14
Bren,Jennifer,PA,1003211160,11/17/14
Gibbons,Irene,DPT,1598196214,11/10/14
Sayla,Maliha,MD,1699099648,10/15/14
Kerwin,Peter,MD,1003862467,10/1/14
Nora,Matthew,MD,1134174741,10/1/14
O'Toole,Michael,MD,1225083462,10/1/14
Rauh,R.,MD,1437103256,10/1/14
Long,Amy,DPT,1396887121,9/29/14
Warner,Kelly,DPT,1306989009,9/29/14
Ayub,Nazia,MD,1174812267,9/15/14
Gripp,Julie,DPT,1710020342,9/15/14
Manning,Kerri,PA,1801852454,9/15/14
Pham,Rose,DPT,1164563904,9/15/14
Riggs,Douglas,MPT,1669861886,9/15/14
Kelly,Christopher,PA,1164838900,9/2/14
Patel,Hemali,DO,1417103300,9/2/14
Claud,Jonathan,MD,1407880958,9/1/14
Mathew,Tessie,DO,1285950287,9/1/14
Neville,Michael,DO,1174800155,9/1/14
Reddy,Shruthi,MD,1235364092,9/1/14
Mathew,Tobby,MD,1962701342,8/25/14
Smith,Zachary,DPT,1912301219,8/25/14
Pratt,David,DPT,1437567880,8/18/14
Hendricks,Jason,DPT,1588939250,8/4/14
Krohse,Joshua,PA,1780613067,8/4/14
Johnson,Katrina,APN,1679664924,7/21/14
Christell,Jessica,OT,1538417076,7/7/14
Najjar,Samer,MD,1346292547,7/1/14
Bobo,Jennifer,OT,1417083858,6/30/14
Hammond,Sonia,OT,1306261482,6/30/14
Higgins,Susanne,OT,1124154570,6/30/14
LoSavio,Andelka,MD,1831315852,6/30/14
Kennelly,Ellen,APN,1376966333,6/23/14
Morris,Kirstin,DPT,1710391883,6/23/14
Patsavas,Kristia,MD,1467618736,6/23/14
Schell,John,DPT,1912338153,5/12/14
Hollin,Tally,APN,1518251149,4/14/14
Luszczki,Janet,DPT,1407824469,4/14/14
Mackey,Patrick,MD,1316151848,4/1/14
Clymer,Eric,DO,1053400952,3/1/14
Duggal,Abeer,PA,1417052325,3/1/14
Oh,Eugene,MD,1508851858,3/1/14
Bellisario,Angelica,APN,1457695272,2/17/14
Carpenter,Stacey,DO,1770819708,2/1/14
Kalathiveetil,Sujith,MD,1275650632,2/1/14
Moskoff,Jordan,MD,1033228879,2/1/14
Ottolin,Mark,MD,1265525729,2/1/14
Lin,Hubert,APN,1659702595,1/6/14
Baber,Marcin,MD,1992918510,1/1/14
Barton,Mary,NP,1437226594,1/1/14
Bednarz,Anita,MD,1366609323,1/1/14
Collins,Eileen,MD,1851359103,1/1/14
Hamby,John,MD,1134108657,1/1/14
Kwiecinski,Michael,MD,1891753943,1/1/14
Martirano Jr.,Michael,MD,1841279387,1/1/14
Sandoval,Maryam,MD,1831140490,1/1/14
Siavelis,Harry,MD,1255310736,1/1/14
Yoon,Peter,MD,1417905944,1/1/14
Essling,Cara,PA,1386069607,11/10/13
Baker,Katherine,MD,1558362632,11/1/13
Moran,Brian,MD,1093712671,11/1/13
Shah,Anand,MD,1003072893,11/1/13
Comstock,Taylor,PA,1649607953,10/7/13
Pak,Yoojin,MD,1003072877,9/9/13
Patel,Leena,MD,1114242302,9/9/13
Wilcox,Tracie,MD,1790995009,9/9/13
Bludgen,Elizabeth,DPT,1972939593,9/3/13
Nolan,Jonathan,MD,1225013246,9/1/13
Stanislaus,Anna,MD,1699921353,9/1/13
Heatwole,Benjamin,MD,1871819128,8/26/13
Ho,Magdalena,MD,1114246782,8/26/13
Nair,Tad,MD,1225352727,8/26/13
Stephens-Archer,Chantale,MD,1992021729,8/26/13
Mattson,Leslie,MD,1487975181,8/19/13
Win,Khin,MD,1689802175,8/19/13
Moja,Ashley,MD,1952626673,8/12/13
Roquiz,Eliseo,DO,1124339833,8/12/13
Wirth,Summer,MD,1932342466,8/12/13
DeZoute,Melissa,PA,1669814349,8/5/13
Kazmi,Yasir,MD,1205062791,8/5/13
Feiereisel,Paulette,APN,1376610477,8/1/13
Paul,Anju,MD,1609032903,7/22/13
Bradley,Ciaran,MD,1518043603,7/15/13
Jirschele,Cameron,DO,1104060110,7/15/13
Sams,Michael,MD,1346232048,7/15/13
Brewer,Michelle,DPT,1053634329,7/8/13
Bueche,Matthew,MD,1376539163,7/1/13
Buranosky,Dale,DPM,1700872595,7/1/13
Dairyko,Gregory,MD,1134385677,7/1/13
Fetzer,Martin,DO,1649499476,7/1/13
Gokhale,Rahul,MD,1326140435,7/1/13
Ibrahim,Denise,DO,1164418869,7/1/13
Karlsson,Troy,MD,1114913910,7/1/13
Kim,Andrew,MD,1811983521,7/1/13
Labriola,Joanne,MD,1518904739,7/1/13
Lieber,Lawrence,MD,1316933120,7/1/13
Lindell,Ernest,MD,1003802810,7/1/13
Mather,Steven,MD,1346236163,7/1/13
Matlock,Robert,MD,1538195995,7/1/13
Murphy,Brian,MD,1609862325,7/1/13
Perillo,Kelly,PA,1194711838,7/1/13
Reilly,John,MD,1396731014,7/1/13
Saad,Michael,MD,1831191261,7/1/13
Thangamani,Vijay,MD,1376709204,7/1/13
Tulipan,David,MD,1205822921,7/1/13
Vinci,Samuel,DPM,1639165467,7/1/13
Voronov,Ellen,MD,1730170523,7/1/13
Welch,Robert,MD,1780670414,7/1/13
Wenninger,Deborah,PA,1508852245,7/1/13
Wright,Kevin,PA,1104813849,7/1/13
Moran,Jill,MD,1679524581,6/1/13
Taylor,Donald,DO,1457394520,6/1/13
Biederman,Megan,APN,1316276538,5/6/13
Kaakaji,Yazan,MD,1437106929,5/1/13
Safari,Ehsan,DO,1083726319,5/1/13
Julka,Reena,MD,1598985525,4/1/13
Kawczynska-Pstrucha,Dorota,DPT,1801831839,3/18/13
Escalante,Alison,MD,1336367853,3/1/13
Madden,Kelli,CSFA,1407109739,1/15/13
Hampson,Brett,MD,1619922705,1/14/13
Nuth,Lalin,DO,1992933105,1/14/13
Douros,Maria,DO,1700873106,1/1/13
Doll,Sarah,DPT,1194858423,12/31/12
Murphy,Kimberly,MD,1043212418,12/3/12
Shieh,Ted,MD,1083616460,12/3/12
Bertoni,Gail,APN,1376564724,11/12/12
Khan,Mohammed Adil,MD,1700903887,11/1/12
Einbecker,Kelly,DPT,1700138872,10/29/12
Noon,Margaret,DPT,1790924157,10/29/12
Dracopoulos,Henna,PA,1528109923,9/24/12
Edwards,Andrea,APN,1114273786,9/10/12
Patel,Amit,MD,1437324084,9/4/12
Hernandez,Julia,MD,1114154853,9/3/12
Aftab,Nozaina,MD,1629158662,9/1/12
Dunning,Lisa,MD,1225269053,9/1/12
Hamilton,Lara,RD,1508823220,9/1/12
Sherman,Edward,MD,1508851114,9/1/12
Taormina,Mia,DO,1972716017,9/1/12
Gasparich,Elizabeth,CSFA,1235427915,8/27/12
Shah,Ojas,MD,1912196734,8/27/12
Nijmeh,George,MD,1366645046,8/20/12
Parikh,Jason,MD,1609032218,8/6/12
Richman,Nicole,MD,1841451747,8/1/12
Hardy,Diane,DPT,1962504084,7/30/12
Frank,Daniel,MD,1437194610,7/28/12
Ross,Michael,MD,1821256421,7/25/12
Mampilly,Jobby,MD,1639340029,7/16/12
Bolden,Nathan,MD,1124292727,7/15/12
Devata,Sandeep,MD,1477751352,7/2/12
Domjan,Irina,MD,1578771002,7/1/12
McElligott IV,David,MD,1891966982,7/1/12
Pulluru,Raghu,MD,1447269915,7/1/12
Hannon,Margaret,MD,1336156751,6/1/12
Scanlon,Kimberly,DO,1073526463,6/1/12
Keeley,Kathryn,PA,1912048752,4/16/12
Ekram,Nazish,MD,1346496965,4/1/12
Conway,Megan,PT,1689766768,3/19/12
Greenstein,Eugene,MD,1487666087,2/15/12
Kurian,Bency,MD,1952581449,2/13/12
Alasadi,Rameez,MD,1568452712,2/1/12
Parekh,Deven,DPT,1609882935,1/16/12
Schedel,Eileen,NP,1548257330,1/15/12
Buescher,MaryRose,RD,1326189515,1/9/12
Browne,Rosanne,MD,1598049645,1/1/12
Li,Masue,MD,1730287376,1/1/12
Reddy,Shantan,MD,1881724995,1/1/12
Dev,Vaishali,DPT,1306123310,11/21/11
Sutton,Christine,PA,1083991939,11/21/11
Turner,Elaine,CSFA,1588931125,11/15/11
Antony,Anne,DPT,1891072955,11/7/11
Cipparrone,Kristina,APN,1407889447,11/7/11
Katwala,Kashyap,MD,1194791194,11/7/11
Lin,Pin,MD,1770699381,11/7/11
Zator,Brian,DO,1972881670,11/7/11
Cuevas,Allen,DPT,1184812869,10/24/11
Grzegorek,Daniel,DO,1487651337,10/1/11
Shahbandar,Lena,MD,1811071822,10/1/11
Zimmermann,Anne,MD,1710963350,10/1/11
Khan,Rabiya,MD,1669628814,9/21/11
Gaffud,Michael,MD,1124289137,9/15/11
Yohannan,Charles,MD,1124279864,9/15/11
Yunus,Saadia,DO,1790808657,9/12/11
Cox,Matthew,MD,1649369737,8/15/11
Narahari,Uday,MD,1134176332,8/15/11
DeLew,Jonathan,MD,1629060710,8/1/11
Sutherland,Joseph,MD,1841455326,8/1/11
Carlson,Bernt,DPT,1760760565,7/25/11
Pomazal,Eric,PA,1649442096,7/18/11
Agostino,Guy,MD,1992769822,7/1/11
Baugh,Matthew,MD,1942309125,7/1/11
Gros,Willlam,MD,1316902919,7/1/11
Vasiliauskas,Deanna,OT,1124314422,6/20/11
Roland,Autumn,PA,1073842993,5/2/11
Bijari,Armita,MD,1902802408,2/1/11
Simon,Christopher,MD,1962481440,2/1/11
Stoller,Scott,MD,1912007154,2/1/11
Danahey,Daniel,MD,1063499754,11/1/10
Rondeau,Lisa,MD,1285828293,11/1/10
Kassir,Jennifer,MD,1528214715,9/15/10
Vajaria,Gaurav,DPM,1396986154,9/1/10
Cordero,Weiser,MD,1063689719,8/16/10
Koliopoulos,Elias,MD,1003074519,8/16/10
Koopmann,Melissa,PA,1790851301,8/9/10
Conrad,Edward,MD,1750507133,8/2/10
Grant,Gregory,MD,1912973686,8/1/10
Green,Bart,MD,1386610087,8/1/10
Patel,Sapan,MD,1154530384,8/1/10
Signorino,Paul,MD,1689760050,8/1/10
Wurzelbacher,Alan,MD,1457573347,8/1/10
Montana,Louis,MD,1184698425,7/1/10
Kalvani,Renuka,DPT,1154641074,5/10/10
Geannopoulos,Audrey,MD,1124282546,5/1/10
Hrad,Daniel,MD,1033166921,4/1/10
Bhakta,Suchitra,MD,1912988247,3/1/10
Ullal,Rohena,DPT,1871686873,11/23/09
Marzulli,Laura,DPT,1598854317,10/19/09
Huang,Chris,MD,1013110519,9/1/09
Herzing,Rita,MD,1316103559,8/17/09
Bratis,Christina,MD,1750593182,8/1/09
Martin,Alicia,DO,1902062714,8/1/09
Philip,Mathew,MD,1124282082,8/1/09
Rikert,Dejan,DO,1184870131,8/1/09
Houlihan,Jean,MD,1952398885,7/23/09
Regan,Kevin,MD,1205823275,7/23/09
Tolani,Sonya,MD,1215986997,7/23/09
Lee,John,MD,1265449722,7/1/09
Stoeffler,Amy,MD,1639143787,7/1/09
Frank,Jason,DPT,1992828578,4/6/09
Mollsen,Adam,PA,1639140338,4/6/09
Coffel,Michael,APN,1275795866,3/11/09
Chin,Janet,MD,1205862653,2/16/09
Hashmi,Naira,MD,1164418729,2/1/09
Hashmi-Basha,Maleeha,MD,1528054483,2/1/09
Hermann,Alyssa,DPT,1215000567,12/16/08
Kolipaka,Swapna,PT,1396981320,12/15/08
Hardman,Lorraine,DPT,1629263843,12/8/08
Kempton,Patricia,DPT,1811141419,11/3/08
Yilk,Jennifer,MD,1235325135,10/6/08
Mangat,Amrit,MD,1053455386,9/8/08
Glynn,Natalie,DPT,1447409545,9/4/08
Lombardi,John,MD,1467455139,9/1/08
Cheung,Joanne,MD,1811165384,8/18/08
Griffin,Jason,MD,1275551582,8/4/08
Joshi,Brinda,DO,1134390750,8/1/08
Rhew,Elisa,MD,1891801510,8/1/08
Flores,Juan,MD,1093931909,7/1/08
Fose,Whitney,MD,1194867713,7/1/08
Mourad,William,MD,1760698161,7/1/08
Wang,Alan,MD,1831376359,7/1/08
Kett,Dwight,MD,1205940988,6/1/08
Napolitano,Kimberly,MD,1699889386,6/1/08
Spencer,Leslie,MD,1316051097,6/1/08
Pappas,Evans,MD,1538182019,4/1/08
Ibsen,Dawnell,PT,1235301458,3/3/08
Jackson,Agnieszka,PT,1003924143,2/4/08
Charles,Alix,MD,1902891377,1/1/08
Kungl,Mary Eileen,MD,1437215076,1/1/08
Fallah,Juliet,MD,1841275815,12/31/07
Gupta,Anurag,MD,1942224712,12/31/07
Patel,Sonal,DO,1255418026,12/1/07
Hameeduddin,Nayyara,MD,1912187055,11/15/07
Ahn,Charles,MD,1942260278,11/1/07
Gaonkar,Tushar,MD,1083604185,10/1/07
Franklin,Malcolm,MD,1043280589,9/10/07
Chang,Phyllis,MD,1265654735,8/20/07
Enger,Ryan,PA,1962556365,8/13/07
Isoniemi,Mark,MD,1295779239,8/1/07
Van Osdol,Thomas,MD,1275514366,7/15/07
Attanasio,Erica,DO,1063630895,7/1/07
Bennett,Kimberly,MD,1386708493,7/1/07
Grobe,Glenn,MD,1639246671,7/1/07
Weithman,Donatus,MD,1346317385,7/1/07
Winkler,Beth,MD,1477620417,7/1/07
Grabow,Aubrey,PA,1437260064,4/2/07
Namvar,Luz,PT,1831222975,1/22/07
Shahab,Nasir,MD,1407801061,12/31/06
Chamblin,Carol,CCNS,1427137769,12/22/06
Talati,Peena,DPT,1003972761,12/4/06
Yackey,Renee,DPT,1790872315,10/5/06
Lee,Alicia,MD,1871684415,10/1/06
Corner,Renee,OT,1386715100,8/13/06
Padgett,Bridget,PA,1114008448,7/6/06
Tan,Jenny,MD,1477513208,3/16/06
Bhagwakar,Ojash,MD,1740255298,3/1/06
Gashkoff,John,MD,1356309694,3/1/06
Manganelli,Paul,MD,1841247236,3/1/06
Sayeed,Yousuf,MD,1932155926,3/1/06
Keating,Frances,DPT,1699707091,1/30/06
Hung,Stephen,MD,1073589461,1/1/06
Villanueva,Jaime,MD,1295796217,1/1/06
Hashimoto,Amy,MD,1972578953,11/14/05
Lo,Raulie,MD,1396712220,11/1/05
Kemp,Robert,MD,1245235100,9/19/05
Majernik,Becky,RD,1538187372,9/19/05
Frangella,Bridget,MD,1972578375,8/1/05
Reddy Cherukupally,Shilpa,MD,1013982578,8/1/05
Shetty,Rajit,MD,1881662245,8/1/05
Tomaszewski,Jeffrey,MD,1831150036,8/1/05
Cheng,Grace,MD,1487629572,7/1/05
Leib,Thomas,MD,1427024314,7/1/05
Nemivant,Ravi,MD,1003883463,7/1/05
Coffel,Kathleen,OT,1942230016,6/5/05
Ibrahim,Christine,MD,1508832775,4/1/05
Manning,Karen,NP,1689841082,3/26/05
Smith,Elizabeth,MD,1770543340,3/1/05
Weinberg,Kenneth,MD,1922069574,2/5/05
Gonzalez,Julio,MD,1639144579,1/10/05
Freeman,Jody,MD,1699740977,1/1/05
Martin,Joseph,MD,1912974262,12/4/04
Shah-Rhodes,Sonal,MD,1265400972,11/8/04
Russell,Joseph,DO,1407824980,11/1/04
Hill,Jill,DPT,1053342741,9/11/04
Ung,Jean,MD,1316908312,8/30/04
Ung,Feodor,MD,1376503987,8/30/04
Hayhurst,Elisa,DPT,1942232343,8/1/04
Andreas,Julie,DPM,1740267707,7/26/04
Lee,Theresa,MD,1902873870,7/19/04
Berggren,Kelle,MD,1730167198,7/1/04
Budris,Deborah,MD,1821070442,7/1/04
Korcek,Andrew,MD,1588630495,7/1/04
Porcelli,John,MD,1619944675,7/1/04
Yu,Andrew,MD,1124088653,7/1/04
Morgan-Jenkins,Eryl,PT,1811927601,6/7/04
Bernardo,Bernadette,MD,1528046984,5/1/04
Heimburger,Stuart,MD,1376519132,5/1/04
Kagan,Scott,MD,1346216595,5/1/04
Weeks,Peter,MD,1174584130,5/1/04
Oakey,James,MD,1902873375,4/19/04
Carroll,James,MD,1841272432,1/19/04
Rodriguez,Victor,PT,1093740136,10/13/03
Paul,P.,MD,1861460693,9/1/03
Adeli,Donald,MD,1114928397,8/26/03
Dorsey-Johnson,Karla,MD,1245205731,8/4/03
Ahmadian,Jennifer,MD,1285635466,8/1/03
Fallah,Marc,MD,1750356804,7/21/03
Mathews-Kukla,Panorea,MD,1093782617,7/14/03
Ali,Rafi,MD,1437136454,7/1/03
Pentony,Eileen,MD,1659437457,3/17/03
Nelson,Glenn,MD,1508833500,2/1/03
Towers,Joseph,DO,1972563583,2/1/03
Kim,Susan,MD,1407822349,1/1/03
Weiss,Mark,MD,1154382117,1/1/03
Vercelli,Kenneth,MD,1447210075,12/1/02
Sanchez,Mary Beth,RD,1649295841,10/21/02
Chirila,Monica,MD,1174598189,10/15/02
Khalil,Sabira,MD,1447226501,9/30/02
O'Leary,Patrick,MD,1942278890,9/16/02
Wojcik,Corinna,MD,1578523098,9/1/02
Hsu,Griffith,MD,1669448056,8/15/02
Lieberman,Steven,MD,1891762761,8/5/02
Blount,Jennifer,MD,1194726513,8/1/02
Kalache,Zeina,MD,1306812557,8/1/02
Moran,Jacqueline,MD,1518934967,8/1/02
Kallenbach,Kyle,MD,1477529626,7/22/02
Virant,Jennifer,MD,1053371567,7/8/02
Gruener,Linda,DO,1295700490,7/1/02
Schmidt,Michael,MD,1619945086,7/1/02
Smith,Craig,MD,1225098031,6/1/02
De Haan,David,MD,1861467995,3/8/02
Love,Scott,MD,1265409197,3/1/02
Monagan,Alison,PA,1912972902,11/12/01
Momoyama,Yoko,MD,1801863253,10/1/01
Fitzgerald,Michael,MD,1346215407,8/6/01
Espinosa,Edwin,MD,1205801354,7/16/01
Sanchez,Reinaldo,MD,1104894773,7/1/01
Vallina,Van,MD,1750341376,6/15/01
Smart,Brian,MD,1215997408,5/14/01
Restaino,Kristen,PT,1376561118,3/12/01
Ip,Gigi,MD,1376519777,9/1/00
Murphy,Scott,MD,1346217346,8/1/00
Schwartzers,Debra,MD,1235107731,7/10/00
Schreiber,Anne,MD,1932177433,7/1/00
Hong,Jerome,MD,1336115823,1/1/00
Amin,Priti,MD,1770561482,11/1/99
Boettcher,Michael,MD,1740281054,10/5/99
Sievertsen,Grant,MD,1134197619,10/1/99
Hurst,Robert,MD,1972579142,8/2/99
Trevino,Gregory,MD,1023078631,7/5/99
Jentel,Jacques,MD,1336115583,3/15/99
Heller,Barbara,DO,1467487546,8/18/98
Huang,Annie,MD,1992771380,8/18/98
Verbout,Brian,DPT,1952331753,8/18/98
Lisek,Ernst,MD,1437126315,7/15/98
Edwards,Jeanette,MD,1144295643,7/13/98
Dy,Jason,MD,1396710265,6/2/98
Arand,Walter,MD,1699752659,5/26/98
Bicek,Paul,MD,1578557716,5/26/98
Drugas,Gina,MD,1760457253,5/26/98
Dungan,David,MD,1558336057,5/26/98
Froehlich,Judith,MD,1669447843,5/26/98
Gallagher,Thomas,MD,1467427641,5/26/98
Gruzalski,Kathleen,MD,1396710356,5/26/98
Kicsak,Kathleen,MD,1235105396,5/26/98
Krouse,Richard,MD,1881661759,5/26/98
Labotka,David,MD,1205803178,5/26/98
O'Leary,Brian,MD,1295702439,5/26/98
Pont,Edward,MD,1396713145,5/26/98
Herrmann,James,MD,1407822216,9/8/97
Klugman,Adam,MD,1588630669,9/8/97
Nelson,Mark,MD,1942277942,9/8/97
Rojas,Raymond,MD,1609844273,9/8/97
Kopeny,Erin,PA,1053341743,11/12/96
Geannopoulos,Chris,MD,1265407076,11/4/96
Hoscheit,Donald,MD,1316913809,11/4/96
Slonek,Ronald,MD,1003884610,11/4/96
Rosseau,Richard,MD,1265400253,11/4/94
Merrick,Paul,MD,1679541643,7/15/94
Rusthoven,Donald,MD,1861460727,7/1/94
Bhatia,Sonjai,MD,1336121037,8/1/93
Asselmeier,Marc,MD,1245217272,8/3/92
Mozwecz,Harold,MD,1356318349,7/1/91
Scruggs,James,MD,1407824089,9/1/90
Wolfe,Caroline,MD,1063473031,7/1/89
Wyrwa,Eva,MD,1639139165,7/18/88
Seidman,Don,MD,1396713970,7/1/88
Morris,David,MD,1205803293,8/10/87
Pace,Carie,DPT,1679508709,1/1/86
Vajaria,Jayshree,MD,1144280769,9/1/83
Michl,Edward,MD,1669449005,7/1/83
